{
    "loss": 0.0321115218102932,
    "accuracy": 0.9907407164573669
}