{
    "loss": 0.1019490659236908,
    "accuracy": 0.9537037014961243
}